{
  "ep_length_mean": [
    15.0
  ],
  "ep_length_mean_T": [
    15
  ],
  "episode_limit_mean": [
    1.0
  ],
  "episode_limit_mean_T": [
    15
  ],
  "epsilon": [
    1.0
  ],
  "epsilon_T": [
    15
  ],
  "grad_C1": [
    [
      [
        -0.00052115,
        -0.00226339,
        -0.00406767,
        -0.00166541,
        -0.00017262,
        -4.64e-05,
        -0.00544328,
        -0.0026804,
        0.00011386,
        -0.0027444,
        -0.00061428,
        -0.00164961,
        -0.00233274,
        -0.00059452,
        -0.00452034,
        -0.00313605,
        -0.0011878,
        0.00033246,
        -0.00561648,
        -0.00121893,
        -0.00200973,
        -0.00092029,
        9.457e-05,
        -0.00182462,
        -0.00332401,
        0.00136079,
        -0.00120572,
        -0.00174786,
        0.00096846,
        -0.01234766,
        -0.00235423,
        -0.00602126,
        -3.697e-05,
        -0.0003751,
        -0.00106627,
        -0.00547532,
        -0.00066279,
        -0.0025018,
        0.00291142,
        0.00016381,
        0.00168031,
        -0.00169609,
        -0.00070349,
        -0.00185532,
        -0.00263697,
        5.8e-06,
        -0.00293915,
        -0.0025901,
        0.00213504,
        -0.00236484,
        -0.00018136,
        0.00057092,
        -0.00047361,
        -0.00093926,
        -0.0006188,
        -0.00031078,
        -0.00044712,
        0.00074034,
        4.166e-05,
        0.00032325,
        -0.00258313,
        -0.00013859,
        -0.00310453,
        -0.00257378
      ],
      [
        0.00120983,
        -0.00029789,
        -0.00186003,
        -0.00057994,
        -0.00020301,
        0.00083368,
        -0.00268467,
        0.0019395,
        -0.00010877,
        -0.00477665,
        0.00027151,
        -0.00178869,
        -0.00317296,
        -0.00220612,
        -0.00318634,
        -0.00328227,
        -0.00193949,
        0.00012713,
        -0.00238515,
        -0.00160867,
        -0.00079123,
        -0.00115122,
        0.00011844,
        -0.00183459,
        0.00035395,
        0.00223919,
        0.00164236,
        -0.00285734,
        0.00098653,
        -0.00149236,
        -0.001072,
        -0.0078831,
        0.00093899,
        -0.00015556,
        0.00026808,
        -0.00405674,
        0.00020681,
        -0.00043007,
        0.00238029,
        -0.00067572,
        0.00127837,
        -0.00254884,
        0.00010737,
        -7.47e-05,
        0.00048874,
        7.762e-05,
        -0.00159378,
        -0.0042413,
        -0.00053713,
        -0.00252575,
        -2.854e-05,
        0.00019314,
        0.00286954,
        0.00028993,
        0.00013043,
        0.00017997,
        -0.00011013,
        0.00028466,
        0.00118535,
        0.00033023,
        -0.00010757,
        6.728e-05,
        -0.00073769,
        -0.00047945
      ],
      [
        -0.00512421,
        -0.00754887,
        -0.03233831,
        -0.02386201,
        -0.00077901,
        -0.00098036,
        -0.00250301,
        -0.03020949,
        0.00011845,
        -0.01990074,
        -0.01469497,
        -0.00574644,
        -0.01672839,
        -0.01367488,
        -0.01573699,
        -0.02191431,
        -0.00016994,
        -0.00669443,
        -0.03807748,
        3.48e-05,
        -0.00657131,
        -0.00439722,
        0.00028235,
        -0.00047882,
        -0.0169677,
        -0.00680219,
        -0.02278222,
        -0.00922703,
        -0.00496388,
        -0.0222096,
        -0.02664437,
        -0.02631764,
        -0.01915454,
        -0.00080089,
        -0.00162269,
        -0.01695292,
        0.00043793,
        -0.00189729,
        -0.00059801,
        -0.00755341,
        -0.01745085,
        -0.01454287,
        0.00013408,
        -0.00309955,
        -0.0338049,
        1.795e-05,
        -0.0271702,
        -0.03109065,
        -0.00124391,
        0.00219471,
        8.499e-05,
        -0.00276016,
        -0.0120601,
        -0.01269318,
        0.00052102,
        -0.00186965,
        -0.0003736,
        -0.00067346,
        -0.01000792,
        -0.00061977,
        -0.01348319,
        -0.00102833,
        -0.02386295,
        -0.02222985
      ],
      [
        0.00052136,
        -0.00690273,
        -5.474e-05,
        -0.00176709,
        0.00013723,
        0.00021025,
        -0.00504558,
        0.00580538,
        -8.905e-05,
        -0.00047265,
        0.00063346,
        -0.0006789,
        -0.00273441,
        -0.00328127,
        -0.00256172,
        -0.00148057,
        -0.00131647,
        -0.00020859,
        0.00117597,
        -0.00071992,
        0.00088899,
        -0.00059128,
        -3.782e-05,
        -0.00321126,
        0.00022382,
        0.00308234,
        0.00203456,
        -0.00135168,
        0.00114012,
        -8.646e-05,
        0.00091006,
        -0.00387377,
        0.00052605,
        0.00011112,
        -0.00013297,
        -0.00258583,
        0.0016578,
        0.00048169,
        0.00265374,
        -0.00072095,
        0.00020217,
        -0.00361009,
        -7.768e-05,
        -0.00089295,
        5.381e-05,
        -0.00030257,
        -0.00238651,
        -0.0043662,
        0.00244507,
        -0.00264791,
        -5.4e-07,
        0.00170754,
        0.00100349,
        0.00077139,
        -0.0014623,
        0.00019504,
        0.00185391,
        0.00383119,
        0.00083955,
        0.00023109,
        -0.00041918,
        -0.00026918,
        -0.00128986,
        -0.00028261
      ],
      [
        0.00157525,
        0.00057266,
        -0.00369788,
        -0.0017243,
        -0.0002224,
        -0.00015431,
        -0.00273529,
        -0.00197242,
        -0.00040435,
        -0.00814515,
        -0.00278857,
        -0.00273198,
        -0.00540206,
        -0.0019602,
        -0.00610853,
        -0.00539833,
        -0.00036019,
        -0.00136333,
        -0.00684962,
        -0.00116587,
        -0.00028968,
        -0.0010508,
        4.654e-05,
        -0.0012603,
        -0.00155746,
        -0.00125563,
        -0.00366026,
        -0.00357731,
        0.00027145,
        -0.00849763,
        -0.00348425,
        -0.00657366,
        -0.00173625,
        0.00057137,
        -0.00126992,
        -0.00624592,
        -0.00099869,
        0.00034365,
        0.00028565,
        -0.00234861,
        -0.0020912,
        -0.00821143,
        0.00010656,
        -0.00101893,
        -0.00534177,
        -1.169e-05,
        -0.00523165,
        -0.00490411,
        0.00076227,
        -0.00434448,
        -7.975e-05,
        -0.00021946,
        -0.00298841,
        -0.00382592,
        -0.00131271,
        -0.00226372,
        -0.00041519,
        0.0003755,
        -0.00137257,
        -0.00033809,
        -0.00373103,
        3.475e-05,
        -0.00515301,
        -0.00636528
      ],
      [
        -0.00328603,
        -0.00535277,
        -0.02585796,
        -0.02290121,
        -0.00025815,
        -0.00337473,
        0.00247502,
        -0.03199412,
        0.00015144,
        -0.02791485,
        -0.01377263,
        -0.00676286,
        -0.01678462,
        -0.01676138,
        -0.01831386,
        -0.02228276,
        -0.00259057,
        -0.01318807,
        -0.04332015,
        -0.00049528,
        -0.00507052,
        -0.00457879,
        0.00049014,
        -0.00162143,
        -0.01712901,
        -0.00614821,
        -0.02708101,
        -0.00499381,
        -0.00217567,
        -0.02273436,
        -0.0310968,
        -0.02682217,
        -0.01928102,
        0.00095846,
        -0.0031465,
        -0.01194856,
        0.00113878,
        -0.00161015,
        -0.0036817,
        -0.00592695,
        -0.01584928,
        -0.01863507,
        8.088e-05,
        -0.00062946,
        -0.03746739,
        -1.32e-05,
        -0.03035881,
        -0.03407047,
        0.00014972,
        0.00417459,
        -0.00029153,
        -0.00539205,
        -0.01222543,
